school_name,level,school_type,ode_school_id,nces_school_id,street_address,city,zip_code,latitude,longitude,is_closure_candidate,closure_rank,is_title_i,is_urm_building,urm_retrofit_cost_usd,retrofit_cost_remaining_usd,seismic_retrofit_status,recent_boundary_change,programs,has_dli,dli_languages,has_focus_option,dli_students_2526,neighborhood_students_2526,pct_dli_2526,year_built,square_feet,construction_type_2009,functional_capacity_2021,utilization_pct_2526,enrollment_2024_25,enrollment_2025_26,enrollment_pct_change,enrollment_2018,enrollment_2019,enrollment_2020,enrollment_2021,enrollment_2022,enrollment_2023,ccd_enrollment_2022,pct_ela_prof_2425,pct_math_prof_2425,pct_ela_prof_2324,pct_math_prof_2324,n_ela_participants_2425,n_math_participants_2425,pct_regular_attenders_2425,pct_experienced_teachers_2425,pct_teacher_retention_2425,class_size_2425,crdc_lep_2020,crdc_idea_2020,crdc_chronic_absent_2020,pct_lep,pct_idea,teachers_fte_2021,students_per_teacher_2021,teachers_fte_2023,students_per_teacher_2023,airflow_rooms_tested,airflow_ach_e_median,airflow_pct_below_3_ach,airflow_pct_below_6_ach,airflow_filter_upgraded,counselors_fte_2021,social_workers_fte_2021,psychologists_fte_2021,nurses_fte_2021,suspensions_2021,chronic_absent_2021,enrollment_crdc_2021,frl_free_lunch,frl_reduced_lunch,frl_direct_certification,pct_free_lunch,pct_frl,pct_direct_cert,pct_ai_an,pct_asian,pct_nhpi,pct_black,pct_hispanic,pct_white,pct_multiracial,affordable_units_within_1mi,pipeline_affordable_units_within_1mi,pipeline_family_units_within_1mi,n_pipeline_projects_within_1mi,permits_units_within_1mi_since_2022,n_permits_within_1mi_since_2022,bli_forecast_units_within_catchment,prc_baseline_2024_25,enrollment_forecast_2025_26,enrollment_forecast_2026_27,enrollment_forecast_2027_28,enrollment_forecast_2028_29,enrollment_forecast_2029_30,enrollment_forecast_2030_31,enrollment_forecast_2031_32,enrollment_forecast_2032_33,enrollment_forecast_2033_34,enrollment_forecast_2034_35,enrollment_forecast_pct_change_10yr,enrollment_forecast_2034_35_low,enrollment_forecast_2034_35_high,pct_bipoc,avg_prof_2425,pct_chronic_absent_2021,suspensions_per_100_2021,support_staff_per_100,service_load,prof_residual,cluster_id,pca_x,pca_y,enrollment_pct_change_7yr,utilization_pct_2034_35,nearest_alt_school_mi,nearest_alt_school_name
Rosa Parks Elementary School,elementary,Regular School,829,411004000872,8960 N Woolsey Ave,Portland,97203,45.58786,-122.712724,true,1,true,false,,0,,,,false,,false,,,,2006,46657,Wood,594,0.2694,172,160,-0.0698,275,278,266,214,197,177,197,17.3,11.1,17,13.8,83,83,50,70,71,14.5,72,42,110,0.45,0.2625,20,10.55,17,10.41,66,2.4,0.6667,0.8636,true,1,0.5,0,0.25,15,137,211,128,0,124,0.6497,0.6497,0.6294,0,0.03125,0.0125,0.35,0.36875,0.1375,0.1,1694,0,0,0,21,21,1833.8,172,172,166,167,173,176,171,173,178,182,181,0.0523255813953488,157,221,0.8625,14.2,0.6493,7.11,0.711,1.9606,-3.65,1,6.567,-0.774,-0.4182,0.3047,1.91,James John Elementary School
Whitman Elementary School,elementary,Regular School,900,411004000949,7326 SE Flavel St,Portland,97206,45.4681,-122.5873,true,2,true,false,,6755000,,,,false,,false,,,,1954,68763,Wood,493,0.3915,198,193,-0.0253,238,220,185,152,153,180,153,31.4,21.2,40.4,29.9,88,88,63,75,78,20,35,35,68,0.1813,0.1813,13,11.46,10,18,43,3.2,0.3953,0.8837,true,1,0.5,0,0.25,33,79,149,123,0,50,0.8039,0.8039,0.3268,0.02591,0.09845,0.02591,0.11399,0.23834,0.36269,0.13472,144,0,0,0,135,130,3970.2,198,206,213,220,228,227,228,232,235,237,236,0.1919191919191919,205,288,0.63731,26.299999999999997,0.5302,22.15,1.007,1.052,-11.65,1,2.752,-0.56,-0.1891,0.4787,0.88,Kelly Elementary School
Skyline Elementary School,k8,Regular School,890,411004000938,11536 NW Skyline Blvd,Portland,97231,45.6077,-122.856472,true,3,false,false,,6077500,targeted,,,false,,false,,,,1939,37245,Wood,282,0.734,226,207,-0.0841,274,248,181,205,215,218,215,74.7,63,71.7,62,146,146,83,85,80,22,0,29,16,0,0.1401,13,15.77,12,18.17,26,0,0.9231,0.9615,false,1.5,0,0,0.25,30,68,205,21,7,13,0.0977,0.1302,0.0605,0,0.03865,0.00483,0.02415,0.1256,0.66184,0.14493,0,0,0,0,17,15,1044.5,226,229,230,222,225,225,221,217,210,211,210,-0.0707964601769911,182,256,0.33816,68.85,0.3317,14.63,0.732,0.4108,4.2,2,-1.346,-1.985,-0.2445,0.7447,6.45,Astor Elementary School
Alliance High School,alternative,Alternative School,4507,411004001652,4039 NE Alberta Ct,Portland,97211,45.5586,-122.6221,false,,false,false,,,,,,false,,false,,,,1953,32477,Wood,,,197,215,0.0914,197,213,215,167,193,193,193,,,33.3,,,,6,91,89,39,8,61,104,0.0372,0.2837,48,3.44,24,8.04,,,,,,4,3,0,0.5,34,227,165,135,0,55,0.6995,0.6995,0.285,0,0.0186,0,0.09767,0.24186,0.47907,0.16279,620,168,120,2,436,264,10111.4,,,,,,,,,,,,,,,0.52093,,1,20.61,4.242,1.0501,,,,,0.0914,,,
Odyssey Program (K-8),k8,Program,,,5037 SW Iowa St,Portland,97221,45.4804,-122.729,true,5,false,false,,,,,TAG / integrated focus,false,,true,,,,,,,,,,217,,,,,,,,,,,,,,,,,,,,,,,,,,,,,,,,,,,,,,,,,,,,0,,,,,,,,,126,0,0,0,222,100,6382.2,211,218,221,215,215,208,205,207,204,201,202,-0.0426540284360189,176,247,,,,,,,,,,,,,3.91,Winterhaven School
Creston Elementary School,elementary,Regular School,843,411004000886,4701 SE Bush St,Portland,97206,45.4954,-122.6147,true,4,false,true,10970000,14613750,targeted,SEGC 2023,,false,,false,,,,1948,70765,Wood,558,0.3925,246,219,-0.1098,361,375,387,249,260,238,260,66.1,67.2,64.5,54.8,122,120,77,100,75,17,34,92,44,0.1553,0.4201,15,16.6,15,15.87,54,2.1,0.7778,0.9259,true,1,0.5,0,0.25,30,100,249,202,0,40,0.7769,0.7769,0.1538,0,0.05023,0.00913,0.02283,0.15068,0.6621,0.10502,76,180,4,2,325,97,5104.2,241,226,213,228,224,222,221,220,217,206,205,-0.1493775933609958,178,250,0.3379,66.65,0.4016,12.05,0.602,1.437,1.98,2,1.23,-3.051,-0.3934,0.3674,0.8,Richmond Elementary School
Woodmere Elementary School,elementary,Regular School,903,411004000953,7900 SE Duke St,Portland,97206,45.4751,-122.5824,true,6,true,false,,13690000,,,,false,,false,,,,1954,55324,Wood,473,0.4778,241,226,-0.0622,301,273,269,253,234,248,234,27.7,21.6,28.9,25.9,120,117,57,67,85,17,64,66,81,0.2832,0.292,16,15.88,17,14.59,42,1.6,0.7619,0.9524,true,1,0.5,0,0.23,15,116,254,154,0,94,0.6581,0.6581,0.4017,0.00885,0.12389,0.00442,0.09735,0.24779,0.34513,0.17257,188,0,0,0,113,90,3431.5,242,243,236,227,227,225,219,216,219,222,219,-0.0950413223140495,190,267,0.6548700000000001,24.65,0.4567,5.91,0.591,1.5565,-11.73,1,3.606,-0.837,-0.2492,0.463,0.6,Kelly Elementary School
Arleta Elementary School,elementary,Regular School,826,411004000869,5109 SE 66th Ave,Portland,97206,45.4862,-122.5961,true,7,true,false,,12355000,targeted,,,false,,false,,,,1929,76489,LRCW,696,0.3305,252,230,-0.0873,490,525,485,270,256,274,256,47.4,47.4,51,42.6,137,135,70,85,68,20,42,94,123,0.1826,0.4087,19,14.16,16,17.12,51,,,,false,1.5,0,0,0.25,33,117,269,168,0,48,0.6562,0.6562,0.1875,0.00435,0.03043,0.00435,0.02174,0.14783,0.61739,0.17391,114,0,0,0,110,108,3849.7,252,230,212,209,207,205,215,221,225,224,223,-0.115079365079365,194,272,0.38261,47.4,0.4349,12.27,0.558,1.4832,-13.28,2,1.905,-2.593,-0.5306,0.3204,0.82,Woodstock Elementary School
Peninsula Elementary School,elementary,Regular School,879,411004000926,8125 N Emerald Ave,Portland,97217,45.5819,-122.700338,true,8,true,false,,6520000,,,,false,,false,,,,1952,70151,Wood,613,0.3899,235,239,0.017,265,265,237,201,225,234,225,50.9,36.4,57.1,36.2,109,108,66,81,83,15,14,70,51,0.0586,0.2929,19,10.42,15,15.6,48,2.95,0.5,0.9167,false,1,0.5,0,0.25,51,91,198,145,0,45,0.6444,0.6444,0.2,0.01674,0.0251,0.00418,0.12971,0.20084,0.45188,0.17155,799,184,80,4,236,131,4536.9,235,235,238,231,228,224,223,224,226,229,227,-0.0340425531914893,197,277,0.5481199999999999,43.65,0.4596,25.76,0.758,1.0202,-2.26,1,1.48,-0.5,-0.0981,0.3703,2.33,Woodlawn Elementary School
Chief Joseph Elementary School,elementary,Regular School,840,411004000883,2409 N Saratoga St,Portland,97217,45.5729,-122.6915,true,9,false,false,,4635000,targeted,,,false,,false,,,,1949,44412,Wood,499,0.495,278,247,-0.1115,358,351,305,273,261,265,261,63,55.2,61.8,55.1,127,125,83,88,83,22,25,42,42,0.1012,0.17,17,15.76,14,18.93,38,1.85,0.6316,0.7632,true,1,0.5,0,0.25,15,85,268,168,0,36,0.6437,0.6437,0.1379,0,0.00405,0.01215,0.05263,0.12955,0.68826,0.11336,340,0,0,0,254,90,5762.2,275,260,255,255,248,246,241,242,245,249,250,-0.0909090909090909,217,305,0.31174,59.1,0.3172,5.6,0.56,0.7147,-7.9,2,-0.116,-1.984,-0.3101,0.501,1.86,Woodlawn Elementary School
Lee Elementary School,elementary,Regular School,869,411004000914,2222 NE 92nd Ave,Portland,97220,45.5381,-122.5677,true,10,true,false,1905000,6881125,,DBRAC 2018,,false,,false,,,,1953,73276,Wood,443,0.5666,257,251,-0.0233,276,269,263,236,274,289,274,47.1,41.5,37.4,31.7,137,135,65,93,86,21,66,39,53,0.2629,0.1554,22,10.68,18,16.06,45,2,0.8222,0.9556,true,0,0.5,0,0.27,42,99,235,201,0,64,0.7336,0.7336,0.2336,0.00398,0.09163,0.03984,0.13546,0.18725,0.43426,0.10757,767,0,0,0,40,39,3933.9,257,240,233,224,223,213,224,224,226,227,226,-0.1206225680933852,196,276,0.56574,44.3,0.4213,17.87,0.213,1.0164,-0.03,1,1.589,-0.633,-0.0906,0.5102,1.1,Vestal Elementary School
Lent Elementary School,elementary,Regular School,870,411004000915,5105 SE 97th Ave,Portland,97266,45.4855,-122.5639,true,11,true,false,,0,full,SEGC 2023,Spanish DLI,true,Spanish,false,256,0,1,1949,74131,Wood,707,0.3621,256,256,0,506,475,476,278,251,273,251,46.5,36.6,44.7,39.3,145,142,73,85,56,21.5,127,84,121,0.4961,0.3281,20,13.75,20,13.65,65,0,0.8615,0.9692,false,1,0.5,0,0.23,96,111,275,191,0,107,0.761,0.761,0.4263,0,0,0,0.01563,0.68359,0.24219,0.05859,287,0,0,0,74,27,2394.4,256,269,261,259,263,256,261,263,270,276,282,0.1015625,245,344,0.75781,41.55,0.4036,34.91,0.545,1.9907,14.36,1,4.538,-0.556,-0.4941,0.3989,0.93,Kelly Elementary School
Irvington Elementary School,elementary,Regular School,861,411004000905,1320 NE Brazee St,Portland,97212,45.5402,-122.652,true,12,false,false,,16255000,,DBRAC 2018,,false,,false,,,,1932,65285,LRCW,547,0.4735,249,259,0.0402,339,325,320,248,228,235,228,66.4,57.8,62.8,55.3,128,128,75,79,84,22,11,52,23,0.0425,0.2008,16,15.5,15,15.67,54,2.85,0.5185,0.963,true,1,0,0,0.27,9,60,248,46,1,32,0.2018,0.2061,0.1404,0.00386,0.01158,0,0.0888,0.12741,0.62162,0.14672,558,226,98,3,28,22,6082.7,249,244,237,224,218,217,211,214,218,223,222,-0.108433734939759,193,271,0.37838000000000005,62.1,0.2419,3.63,0.403,0.7061,1.04,2,-0.309,-0.42,-0.236,0.4059,0.85,Sabin Elementary School
Lewis Elementary School,elementary,Regular School,871,411004000916,4401 SE Evergreen St,Portland,97206,45.4739,-122.6179,true,13,false,false,,0,full,,,false,,false,,,,1952,48380,Wood,444,0.5901,267,262,-0.0187,390,410,368,337,320,297,320,66.4,59.4,73.7,57,140,138,80,100,90,21,8,59,21,0.0305,0.2252,20,16.9,16,18.56,37,2.9,0.5135,0.973,false,1,0.5,0,0.25,0,96,338,54,6,34,0.1688,0.1875,0.1062,0,0.06107,0,0.01527,0.12214,0.64885,0.15267,4,0,0,0,396,101,2113.4,264,256,236,213,185,190,191,195,195,197,197,-0.2537878787878788,171,240,0.35114999999999996,62.900000000000006,0.284,0,0.444,0.715,-0.59,2,-0.392,-1.335,-0.3282,0.4437,0.63,Woodstock Elementary School
Forest Park Elementary School,elementary,Regular School,2413,411004001395,9935 NW Durrett St,Portland,97229,45.542628,-122.777668,true,14,false,false,,,,,,false,,false,,,,1998,41898,Concrete,546,0.4835,302,264,-0.1258,418,402,348,333,328,321,328,83.7,77.7,79.5,78.4,167,167,86,89,82,23.5,27,36,6,0.1023,0.1364,19,17.47,15,21.4,47,4.7,0.3404,0.6809,true,1.5,0,0,0.25,0,30,332,10,1,6,0.0305,0.0335,0.0183,0.00379,0.19697,0.00379,0.03409,0.07955,0.54545,0.13636,0,0,0,0,15,15,2908.3,303,274,265,263,255,264,265,268,271,275,272,-0.1023102310231023,236,332,0.45455,80.7,0.0904,0,0.452,0.5127,26.44,2,-0.274,-2.791,-0.3684,0.4982,3.53,James John Elementary School
Rieke Elementary School,elementary,Regular School,1299,411004000371,1405 SW Vermont,Portland,97219,45.4765,-122.6949,true,15,false,true,4160000,6040000,,,,false,,false,,,,1961,30647,Steel,492,0.5407,279,266,-0.0466,379,368,332,313,300,288,300,85.3,82.7,83.3,81.4,156,156,86,98,90,23.5,7,46,19,0.0263,0.1729,16,19.44,15,19.2,29,1.7,0.5862,0.8966,false,1.5,0,0,0.25,27,47,311,36,2,21,0.12,0.1267,0.07,0,0.03008,0.00752,0.03008,0.08647,0.72556,0.1203,176,0,0,0,147,55,4611.9,278,264,245,261,262,259,260,261,255,245,246,-0.1151079136690647,214,300,0.27444,84,0.1511,8.68,0.482,0.5417,13.67,2,-1.15,-2.197,-0.2982,0.5,0.84,Capitol Hill Elementary School
Abernethy Elementary School,elementary,Regular School,822,411004000865,2421 SE Orange Ave,Portland,97214,45.5058,-122.6514,false,,false,false,450000,12367500,targeted,,,false,,false,,,,1925,48438,LRCW,522,0.5153,285,269,-0.0561,520,507,450,374,353,330,353,81.6,77.3,81.4,79.5,163,164,81,100,90,22,4,59,14,0.0149,0.2193,21,17.81,17,19.41,40,3.45,0.475,0.95,true,1.5,0,0,0.25,91,85,374,33,5,20,0.0935,0.1076,0.0567,0.00372,0.0223,0,0.01115,0.09294,0.75836,0.11152,50,88,0,1,191,92,8399.3,284,256,233,222,215,217,216,219,219,222,219,-0.2288732394366197,190,267,0.24163999999999997,79.44999999999999,0.2273,24.33,0.401,0.6273,6.19,2,-1.341,-2.184,-0.4827,0.4195,,
Sabin Elementary School,elementary,Regular School,886,411004000933,4013 NE 18th Ave,Portland,97212,45.5521,-122.6478,false,,false,true,2600000,19320000,targeted,DBRAC 2018,,false,,false,,,,1928,66929,LRCW,559,0.483,293,270,-0.0785,452,416,361,342,312,302,312,64.7,57.2,65.6,59.1,168,167,72,92,79,16,10,56,42,0.037,0.2074,17,20.12,17,17.76,47,2,0.5957,0.9574,true,1.5,0.5,0,0.25,46,99,342,72,7,45,0.2308,0.2532,0.1442,0.01852,0.02222,0.0037,0.1037,0.09259,0.62593,0.13333,400,40,0,1,87,47,3706,293,272,253,230,235,229,225,227,229,230,230,-0.2150170648464164,200,281,0.37407,60.95,0.2895,13.45,0.585,0.7182,-0.49,2,-0.198,-1.833,-0.4027,0.4114,,
Metropolitan Learning Center,alternative,Alternative School,916,411004000967,2033 NW Glisan St,Portland,97209,45.5266,-122.6933,false,,false,false,,19005000,,,Alternative K-12 focus,false,,true,,,,1914,68135,LRCW,,,319,275,-0.1379,406,390,377,341,348,337,348,58.4,44.7,62.2,42.9,209,208,66,88,84,20,4,86,65,0.0145,0.3127,46,7.41,23,14.65,49,5.1,0.3469,0.5714,true,3,1,0,0.25,30,110,341,54,3,24,0.1552,0.1638,0.069,0,0.00727,0,0.01455,0.11273,0.73455,0.13091,12779,852,103,10,1706,39,42117.4,319,304,305,295,288,280,277,289,294,294,292,-0.0846394984326018,254,356,0.26544999999999996,51.55,0.3226,8.8,1.173,0.8725,-19.59,,,,-0.3227,,,
Stephenson Elementary School,elementary,Regular School,892,411004000940,2627 SW Stephenson St,Portland,97219,45.4409,-122.704,false,,false,false,,7347500,targeted,,,false,,false,,,,1965,40539,Wood,552,0.5091,285,281,-0.014,347,371,323,320,307,310,307,77.6,76.9,80,73.1,147,147,90,83,85,21,10,48,15,0.0356,0.1708,16,19.62,15,20.67,31,2.6,0.6129,0.9677,true,1.5,0,0,0.25,3,40,314,25,3,13,0.0814,0.0912,0.0423,0.00356,0.03559,0,0.02847,0.09609,0.68327,0.15302,0,201,155,2,23,22,2923.4,285,276,255,253,237,224,234,235,240,242,245,-0.1403508771929824,213,299,0.31672999999999996,77.25,0.1274,0.96,0.478,0.5227,10.69,2,-1.226,-0.86,-0.1902,0.4438,,
Buckman Elementary School,elementary,Regular School,837,411004000880,320 SE 16th Ave,Portland,97214,45.5204,-122.649,false,,true,true,19750000,21350000,targeted,,Arts focus,false,,true,,,,1921,82023,LRCW,654,0.4327,306,283,-0.0752,450,427,448,400,395,371,395,54,44,54.9,46.4,176,175,73,86,85,15,11,81,56,0.0389,0.2862,23,17.39,23,16.13,52,1.1,0.9423,1,false,1,0.5,0,0.25,138,129,400,257,0,69,0.6506,0.6506,0.1747,0.01413,0.02473,0.00353,0.04594,0.13781,0.62544,0.14841,2743,160,25,7,869,37,23560.6,308,284,245,223,219,218,225,225,228,230,228,-0.2597402597402597,198,278,0.37456,49,0.3225,34.5,0.375,0.9486,-12.4,2,0.206,-0.843,-0.3711,0.3486,,
Vestal Elementary School,elementary,Regular School,896,411004000945,161 NE 82nd Ave,Portland,97220,45.5246,-122.5796,false,,true,false,,17450000,,DBRAC 2018,,false,,false,,,,1929,63382,LRCW,554,0.5162,257,286,0.1128,272,249,228,207,230,225,230,36.9,30.9,35,34,117,117,70,76,73,18,25,48,44,0.0874,0.1678,27,7.56,17,13.24,41,3.9,0.4146,0.9756,true,2.5,0.5,0,0.27,78,90,204,152,0,58,0.6609,0.6609,0.2522,0,0.05944,0.02098,0.12937,0.18881,0.45804,0.14336,252,186,72,3,330,135,6332.9,257,276,273,266,255,259,261,260,256,259,260,0.0116731517509727,226,317,0.54196,33.9,0.4412,38.24,1.471,0.8028,-12.56,1,0.924,1.374,0.0515,0.4693,,
Beach Elementary School,k8,Regular School,830,411004000873,1710 N Humboldt St,Portland,97217,45.5581,-122.6855,false,,false,true,1350000,14977500,planned_targeted,,Spanish DLI,true,Spanish,false,155,133,0.5382,1928,66633,LRCW,750,0.384,295,288,-0.0237,432,433,382,351,346,325,346,54.9,50.3,55.2,50.3,174,174,76,92,86,23,51,54,43,0.1771,0.1875,22,15.95,18,18.06,52,1.75,0.7692,1,false,1,0.5,0,0.25,0,83,351,226,0,75,0.6532,0.6532,0.2168,0,0.01736,0,0.11111,0.30208,0.45833,0.11111,1100,197,48,3,411,79,7414.3,295,268,251,234,228,224,230,233,237,240,239,-0.1898305084745762,208,292,0.54167,52.599999999999994,0.2365,0,0.427,0.9512,6.12,1,0.962,-0.189,-0.3333,0.3187,,
Maplewood Elementary School,elementary,Regular School,873,411004000918,7452 SW 52nd Ave,Portland,97219,45.4709,-122.7297,false,,false,false,,3435000,targeted,,,false,,false,,,,1948,34353,Wood,467,0.6167,296,288,-0.027,383,374,347,291,310,301,310,62.4,60.1,62.5,63.6,149,148,84,94,88,23,9,38,9,0.0312,0.1319,19,14.84,15,20.07,35,2,0.6765,0.7941,false,1,0.5,0,0.25,16,60,282,49,2,26,0.1581,0.1645,0.0839,0.00694,0.01389,0,0.01736,0.11111,0.67361,0.17708,47,0,0,0,246,80,4516.8,295,278,292,300,287,288,295,291,280,270,272,-0.0779661016949152,236,332,0.32638999999999996,61.25,0.2128,5.67,0.532,0.4604,-4.45,2,-0.971,-1.101,-0.248,0.5824,,
Rigler Elementary School,elementary,Regular School,884,411004000931,5401 NE Prescott St,Portland,97218,45.556,-122.6077,false,,true,true,2845000,15615000,targeted,,Spanish DLI,true,Spanish,false,289,2,1,1931,55312,LRCW,589,0.4941,303,291,-0.0396,328,307,270,241,223,255,223,35.8,36.1,29.1,30.6,142,142,73,92,80,22,126,36,7,0.433,0.1237,22,10.73,18,14.17,50,1.7,0.7,0.94,true,0,0,0,0.27,0,90,236,144,0,64,0.6457,0.6457,0.287,0,0.01031,0,0.03436,0.61512,0.30584,0.03436,747,84,60,1,170,71,3932.4,301,317,324,308,318,312,305,297,298,300,299,-0.0066445182724252,260,365,0.69416,35.95,0.3814,0,0,1.2458,3.08,1,2.323,0.613,-0.1128,0.5076,,
Boise-Eliot Elementary School,elementary,Regular School,833,411004000876,620 N Fremont,Portland,97227,45.5479,-122.6727,false,,true,false,,16885000,targeted,DBRAC 2018,,false,,false,,,,1926,61369,LRCW,651,0.4531,313,295,-0.0575,310,325,329,323,326,307,326,19.9,14.8,23.6,21.6,154,152,43,100,91,21,13,56,129,0.0441,0.1898,23,13.96,23,13.35,70,3.05,0.4857,0.9571,false,1,0,0,0.25,126,188,321,232,0,159,0.7117,0.7117,0.4877,0.00678,0.01017,0,0.41356,0.19661,0.2339,0.13898,2291,282,104,7,763,157,9041.8,315,309,303,289,301,295,288,280,277,278,268,-0.1492063492063492,233,327,0.7661,17.35,0.5857,39.25,0.312,1.0283,-9.1,1,2.362,1.689,-0.0484,0.4117,,
Marysville Elementary School,k8,Regular School,875,411004000920,7733 SE Raymond St,Portland,97206,45.4869,-122.5835,false,,true,true,1400000,7325000,full,SEGC 2023,,false,,false,,,,1921,53490,Wood,533,0.5704,318,304,-0.044,389,383,405,250,286,359,286,35.9,25.9,28.4,28,172,168,65,97,74,20,51,85,158,0.1678,0.2796,18,13.78,23,15.61,50,2.75,0.58,0.96,false,2,0.5,0,0.25,144,136,248,206,0,89,0.7203,0.7203,0.3112,0.01645,0.11513,0.05263,0.12171,0.21053,0.35526,0.12829,671,64,29,1,111,39,3932.2,320,297,284,268,255,254,248,246,238,239,238,-0.25625,207,290,0.64474,30.9,0.5484,58.06,1.008,1.2619,-6.38,1,2.009,-0.186,-0.2185,0.4465,,
Winterhaven School,k8,Regular School,1364,411004001102,3830 SE 14th Ave,Portland,97202,45.4949,-122.6509,false,,false,true,810000,8632500,planned_targeted,,STEAM focus,false,,true,,,,1930,38092,LRCW,261,1.2107,322,316,-0.0186,321,299,291,292,313,315,313,88.4,86.6,81.5,83.5,232,231,88,91,89,25,2,26,12,0.0063,0.0823,15,19.47,16,19.69,32,0,0.9688,1,true,1.5,0,0,0.25,4,48,292,54,8,19,0.1725,0.1981,0.0607,0.00316,0.05696,0,0.01266,0.08544,0.70253,0.13924,896,374,100,3,353,164,9319,322,320,319,311,306,302,301,296,292,290,285,-0.1149068322981366,248,348,0.29747,87.5,0.1644,1.37,0.514,0.2759,19.22,0,-3.581,0.404,-0.0156,1.092,,
Dr. Martin Luther King Jr. School,elementary,Regular School,866,411004000911,4906 NE 6th Ave,Portland,97211,45.5581,-122.659,false,,true,false,,21200000,targeted,DBRAC 2018,Chinese DLI,true,Chinese,false,193,126,0.605,1925,88957,LRCW,635,0.5024,312,319,0.0224,311,321,319,297,302,305,302,39.3,34.5,40.6,34.4,145,145,67,80,87,20,52,38,98,0.163,0.1191,22,13.5,22,13.86,91,1.4,0.8242,0.978,false,1.5,0,0,0.25,18,104,297,220,0,99,0.7285,0.7285,0.3278,0,0.04702,0.00627,0.31348,0.19436,0.24138,0.19749,543,52,0,1,63,47,3162.6,312,305,288,291,284,280,284,286,291,293,292,-0.0641025641025641,254,356,0.75862,36.9,0.3502,6.06,0.505,0.87,9.78,1,1.797,0.668,0.0257,0.4598,,
Woodlawn Elementary School,elementary,Regular School,902,411004000952,7200 NE 11th Ave,Portland,97211,45.575,-122.6532,false,,true,false,,14932500,targeted,,,false,,false,,,,1926,58608,LRCW,644,0.5016,306,323,0.0556,335,308,318,285,287,299,287,51.9,52.6,48.6,47.3,160,158,66,77,86,17,25,68,110,0.0774,0.2105,19,14.74,18,16.61,59,1.8,0.7288,0.9831,true,1.5,0,0,0.25,34,122,280,186,0,80,0.6481,0.6481,0.2787,0.00619,0.00619,0,0.26006,0.2322,0.37152,0.12384,391,0,0,0,72,71,4942.3,306,302,293,274,286,276,268,270,274,280,280,-0.0849673202614379,243,342,0.6284799999999999,52.25,0.4357,12.14,0.536,0.921,13.52,1,1.102,0.021,-0.0358,0.4348,,
Grout Elementary School,elementary,Regular School,854,411004000898,3119 SE Holgate Blvd,Portland,97202,45.490972,-122.633139,false,,true,false,,18444500,,,,false,,false,,,,1927,65838,LRCW,510,0.6412,295,327,0.1085,382,370,350,341,316,302,316,56.2,53.1,50,50.6,150,149,65,78,83,19,47,68,70,0.1437,0.208,20,17,18,16.78,45,3.3,0.3556,0.9556,true,1,1,0,0.25,111,113,340,220,0,72,0.6962,0.6962,0.2278,0.00917,0.09786,0.02446,0.0581,0.17125,0.49847,0.14067,512,286,100,2,249,112,8612.2,294,279,256,247,234,237,240,244,248,252,251,-0.1462585034013605,218,306,0.50153,54.650000000000006,0.3324,32.65,0.588,0.9634,4.58,1,0.247,1.211,-0.144,0.4922,,
Capitol Hill Elementary School,elementary,Regular School,838,411004000881,8401 SW 17th Ave,Portland,97219,45.4643,-122.6957,false,,false,true,3430000,10570000,planned_targeted,,,false,,false,,,,1917,46379,Wood,456,0.7215,323,329,0.0186,443,416,346,324,333,361,333,67.5,62.1,64,60.2,160,161,85,100,84,23.5,11,26,20,0.0334,0.079,18,17.94,17,21.24,64,0,0.875,1,false,1,0.5,0,0.25,3,90,323,51,6,29,0.1532,0.1712,0.0871,0,0.0304,0,0.02432,0.11854,0.70213,0.12462,553,100,40,1,120,94,11221.9,318,303,294,278,262,264,277,279,283,282,281,-0.1163522012578616,244,343,0.29786999999999997,64.8,0.2786,0.93,0.464,0.3347,-3.44,0,-1.924,-0.058,-0.2573,0.6162,,
Chapman Elementary School,elementary,Regular School,839,411004000882,1445 NW 26th Ave,Portland,97210,45.5332,-122.7055,false,,true,false,,14320000,targeted,,,false,,false,,,,1923,59969,LRCW,618,0.5388,353,333,-0.0567,484,484,375,341,350,344,350,45.5,39.8,49.3,40,171,169,63,68,88,22,20,39,85,0.0601,0.1171,21,16.24,19,18.11,44,1,0.8409,0.9773,true,1.5,0,0,0.25,48,158,341,227,0,100,0.6486,0.6486,0.2857,0.02102,0.05405,0.00901,0.09309,0.17417,0.46547,0.18318,12730,852,103,10,1693,44,45301.9,349,348,346,331,345,352,346,347,347,349,340,-0.0257879656160458,295,415,0.53453,42.65,0.4633,14.08,0.44,0.6686,-4.47,3,-0.211,2.154,-0.312,0.5502,,
Markham Elementary School,elementary,Regular School,1278,411004000919,10531 SW Capitol Hwy,Portland,97219,45.4492,-122.7255,false,,true,false,2200000,9367500,targeted,,,false,,false,,,,1951,82794,Wood,588,0.5765,341,339,-0.0059,446,430,416,427,426,402,426,61.2,53.4,51.4,50.3,190,191,79,83,82,21.5,66,60,54,0.1947,0.177,26,16.12,25,16.08,66,1.6,0.8485,0.9848,false,1,0,0,0.25,39,108,419,277,0,84,0.6502,0.6502,0.1972,0,0.05605,0.02655,0.17109,0.14749,0.49263,0.10619,42,171,82,2,171,72,5313.9,341,356,344,320,318,313,315,314,312,312,311,-0.0879765395894428,270,380,0.50737,57.3,0.2578,9.31,0.239,0.9318,7.76,1,0.465,0.067,-0.2399,0.5289,,
Glencoe Elementary School,elementary,Regular School,850,411004000894,825 SE 51st Ave,Portland,97215,45.5172,-122.6108,false,,false,false,241000,12533500,targeted,,,false,,false,,,,1923,63482,LRCW,600,0.5683,357,341,-0.0448,451,449,396,374,394,372,394,78.6,75,67.9,65.2,196,196,84,100,82,23,13,73,3,0.0381,0.2141,22,16.95,20,18.6,57,1,0.9474,0.9649,true,1,0,0,0.25,15,68,373,65,7,38,0.165,0.1827,0.0964,0,0.01466,0,0.04985,0.10557,0.74194,0.08798,941,0,0,0,245,78,8080.5,356,330,305,281,257,266,269,275,283,289,285,-0.199438202247191,248,348,0.25805999999999996,76.8,0.1823,4.02,0.268,0.6888,5,2,-1.341,-1.583,-0.2439,0.475,,
Llewellyn Elementary School,elementary,Regular School,872,411004000917,6301 SE 14th Ave,Portland,97202,45.4772,-122.6523,false,,false,false,,12867500,,,,false,,false,,,,1928,49755,LRCW,528,0.6534,373,345,-0.0751,485,509,461,395,413,393,413,77.3,75.6,80.6,71,207,201,79,100,91,21,7,83,1,0.0203,0.2406,23,17.22,25,15.72,42,3.05,0.4524,0.881,false,2,0,0,0.25,33,113,396,51,7,24,0.1235,0.1404,0.0581,0.0058,0.02029,0,0.01739,0.09565,0.77681,0.08406,417,10,3,1,136,124,5159.1,373,345,333,311,302,316,329,332,336,337,335,-0.1018766756032171,291,409,0.22319,76.44999999999999,0.2854,8.33,0.505,0.6901,1.54,2,-1.611,-2.021,-0.2887,0.6345,,
Sitton Elementary School,elementary,Regular School,889,411004000937,9930 N Smith St,Portland,97203,45.6,-122.7584,false,,true,false,,5685000,targeted,,Spanish DLI,true,Spanish,false,138,208,0.4,1949,58762,Wood,467,0.7409,339,346,0.0206,367,374,339,307,345,335,345,40.1,38.9,41.4,39.3,162,162,56,74,81,20,91,71,122,0.263,0.2052,29,10.52,28,11.96,53,2.7,0.6226,0.9434,false,1,0.5,0,0.25,42,176,305,243,0,137,0.7043,0.7043,0.3971,0.00578,0.03179,0.01156,0.11561,0.39306,0.32948,0.11272,691,0,0,0,69,65,3048.6,339,340,331,310,289,290,296,302,306,311,311,-0.0825958702064896,270,380,0.67052,39.5,0.577,13.77,0.492,1.3046,4.52,1,2.144,0.535,-0.0572,0.666,,
George Middle School,middle,Regular School,849,411004000893,10000 N Burr,Portland,97203,45.5961,-122.7367,false,,true,true,11175000,13512500,,,Spanish DLI,true,Spanish,false,109,247,0.3045,1950,78713,URM,617,0.577,400,356,-0.11,421,439,431,390,387,364,387,25.4,14.1,19.2,10.9,373,376,53,67,76,24,81,101,214,0.2275,0.2837,28,13.89,30,12.13,68,3.5,0.3676,0.8529,true,2,1,0,0.25,492,224,389,249,0,131,0.6434,0.6434,0.3385,0.00281,0.03371,0.00843,0.16292,0.46629,0.19663,0.12921,2841,0,0,0,275,247,11401.7,404,389,407,412,431,421,414,389,377,354,362,-0.1039603960396039,311,389,0.80337,19.75,0.5758,126.48,0.771,1.389,-3.37,1,3.062,-0.234,-0.1544,0.5867,,
Duniway Elementary School,elementary,Regular School,844,411004000887,7700 SE Reed College Pl,Portland,97202,45.4687,-122.6289,false,,false,false,420000,14610000,targeted,,,false,,false,,,,1926,67492,LRCW,552,0.6558,387,362,-0.0646,504,511,467,436,422,409,422,70.1,71.9,69.1,67.6,211,210,88,94,87,27.5,12,65,30,0.0331,0.1796,20,21.8,19,21.53,47,2.1,0.7234,0.9787,true,1,0.5,0,0.25,3,90,436,37,4,22,0.0877,0.0972,0.0521,0.00829,0.01381,0.00276,0,0.05525,0.77624,0.14365,326,0,0,0,99,66,5004.6,387,367,356,317,314,310,313,318,322,321,321,-0.1705426356589147,279,392,0.22375999999999996,71,0.2064,0.69,0.344,0.5508,-3.86,2,-1.755,-1.624,-0.2817,0.5815,,
Clark Elementary School,elementary,Regular School,5817,,1231 SE 92nd Ave,Portland,97216,45.5133327,-122.5706442,false,,true,false,,0,,SEGC 2023,Chinese DLI,true,Chinese,false,91,272,0.25,,,,495,0.7333,330,363,0.1,,,,,,,,22.9,20.2,25.5,26.8,177,175,61,87,-1,20.5,,,,,,,,,,,,,,,,,,,,,,,,,,0,,0.00826,0.24518,0.0854,0.1708,0.15978,0.21763,0.11295,419,0,0,0,157,66,6775.8,331,317,304,288,268,264,258,254,251,250,251,-0.2416918429003021,218,306,0.78237,21.549999999999997,,,,,-3.45,,,,,0.5071,,
James John Elementary School,elementary,Regular School,862,411004000906,7439 N Charleston Ave,Portland,97203,45.5904,-122.752,false,,true,true,1020000,18000000,targeted,,Spanish DLI,true,Spanish,false,133,231,0.3644,1929,63697,LRCW,513,0.7096,367,364,-0.0082,347,351,318,332,337,349,337,32.8,23.4,27.4,27.7,181,179,62,85,86,22,73,73,75,0.2005,0.2005,26,12.77,25,13.96,49,1.4,0.6939,0.9592,true,1,0.5,0,0.25,147,146,332,221,0,102,0.6558,0.6558,0.3027,0.00824,0.01374,0.00275,0.07692,0.47802,0.31868,0.10165,456,0,0,0,185,161,6519.3,367,364,350,339,331,340,326,328,332,336,331,-0.0980926430517711,288,404,0.6813199999999999,28.099999999999998,0.4398,44.28,0.452,1.1047,-5.92,1,1.659,0.642,0.049,0.6452,,
Atkinson Elementary School,elementary,Regular School,828,411004000871,5800 SE Division St,Portland,97206,45.505026,-122.604783,false,,true,false,,3870000,,,Spanish DLI,true,Spanish,false,178,188,0.4863,1952,58057,Wood,567,0.6455,372,366,-0.0161,419,391,392,344,337,366,337,60.8,53.6,60.1,59.4,171,170,71,91,85,18,42,74,41,0.1148,0.2022,24,14.21,22,16.64,43,1.6,0.9302,1,false,1,0,0,0.25,6,85,341,69,11,30,0.2047,0.2374,0.089,0,0.00546,0.00546,0.01093,0.37978,0.53005,0.06831,113,14,4,1,52,50,4060,373,363,348,352,355,356,359,367,370,377,378,0.0134048257372654,328,461,0.46995,57.2,0.2493,1.76,0.293,0.7667,4.32,2,-0.11,-0.885,-0.1265,0.6667,,
Woodstock Elementary School,elementary,Regular School,904,411004000954,5601 SE 50th Ave,Portland,97206,45.4821,-122.612,false,,false,false,255000,8252500,,,Chinese DLI,true,Chinese,false,190,176,0.5177,1910,69135,Wood,648,0.5648,393,366,-0.0687,548,543,528,479,491,451,491,63.9,62.1,61.9,55.6,233,232,86,97,93,19.5,80,51,23,0.2186,0.1393,28,17.07,28,16.11,51,2.1,0.8039,0.9804,true,2,0,0,0.25,27,95,478,103,23,46,0.2098,0.2566,0.0937,0,0.22951,0,0.02459,0.09016,0.46175,0.19399,0,0,0,0,191,78,2815.1,394,357,334,308,305,304,312,314,315,314,311,-0.2106598984771573,270,380,0.53825,63,0.1987,5.65,0.418,0.7698,16.21,2,-0.283,-0.649,-0.3321,0.4799,,
Astor Elementary School,k8,Regular School,827,411004000870,5601 N Yale St,Portland,97203,45.5788,-122.7297,false,,false,false,,5060000,,,,false,,false,,,,1949,47360,Wood,559,0.7174,413,401,-0.0291,434,416,395,393,368,375,368,54.7,46.7,52.8,47.5,277,272,71,89,89,25,15,75,76,0.0374,0.187,26,15.08,24,15.62,42,1.45,0.7381,0.9048,true,1.5,0.5,0,0.25,9,154,392,237,0,54,0.644,0.644,0.1467,0.02993,0.01496,0.00249,0.06983,0.14963,0.59352,0.13965,293,0,0,0,177,114,3606.8,408,399,410,395,386,429,415,410,398,383,382,-0.0637254901960784,332,466,0.40647999999999995,50.7,0.3929,2.3,0.51,0.6703,-7.85,2,-0.502,-0.54,-0.076,0.6834,,
Harriet Tubman Middle School,middle,Regular School,894,411004001315,2231 N Flint,Portland,97227,45.539001,-122.668809,false,,true,false,,11317500,targeted,DBRAC 2018,Chinese DLI,true,Chinese,false,48,355,0.1194,1954,94775,Concrete,732,0.5505,329,403,0.2249,491,429,444,387,360,321,360,46.8,45.2,37.2,32.4,314,309,64,93,79,22,27,66,161,0.067,0.1638,30,12.87,24,13.38,78,2.6,0.5974,0.961,true,2,0.5,0,0.25,162,189,386,233,0,75,0.6472,0.6472,0.2083,0.00744,0.02233,0,0.25062,0.15633,0.43176,0.13151,3792,600,202,12,941,273,21993,328,356,374,375,343,319,302,314,301,282,272,-0.1707317073170731,234,292,0.5682400000000001,46,0.4896,41.97,0.648,0.7183,1.89,3,-0.014,3.785,-0.1792,0.3716,,
Kelly Elementary School,elementary,Regular School,864,411004000909,9030 SE Cooper St,Portland,97266,45.4729,-122.5704,false,,true,true,1925000,8745000,planned_targeted,,Russian DLI,true,Russian,false,143,268,0.3479,1952,82895,Wood,670,0.6134,385,411,0.0675,498,476,424,381,355,377,355,29.7,29,28.6,19.9,200,198,54,88,82,22,181,66,140,0.4404,0.1606,31,12.13,26,14.5,71,3,0.4648,0.8169,true,2,0,0,0.23,81,218,376,296,0,116,0.8338,0.8338,0.3268,0.0073,0.09732,0.0146,0.10949,0.22871,0.47445,0.06813,400,30,30,1,70,31,3680.3,385,399,382,349,343,344,333,334,336,346,344,-0.1064935064935064,299,420,0.52555,29.35,0.5798,21.54,0.532,1.3889,-18.57,1,2.237,1.207,-0.1747,0.5134,,
Beaumont Middle School,middle,Regular School,831,411004000874,4043 NE Fremont St,Portland,97212,45.5489,-122.6208,false,,false,false,,19252500,,,Spanish DLI,true,Spanish,false,101,315,0.2428,1926,94431,LRCW,701,0.5934,435,416,-0.0437,571,573,518,469,446,434,446,65.1,60.5,60,53.9,418,417,78,96,77,26,67,80,114,0.1611,0.1923,28,16.64,28,15.5,72,3.35,0.4028,0.875,true,2,0.5,0,0.27,294,153,466,290,0,58,0.6502,0.6502,0.13,0.0024,0.00721,0.0024,0.03846,0.23798,0.58654,0.125,747,84,60,1,220,118,8004.8,435,414,426,445,445,452,442,448,431,402,401,-0.0781609195402298,344,431,0.41346000000000005,62.8,0.3283,63.09,0.536,0.8524,4.87,2,-0.568,-0.276,-0.2715,0.572,,
Rose City Park,elementary,Regular School,5427,411004001868,2334 NE 57th Ave,Portland,97212,45.539379,-122.604594,false,,false,true,20910000,21100000,planned_full,,Vietnamese DLI,true,Vietnamese,false,207,210,0.4964,1912,72053,URM,636,0.6557,448,417,-0.0692,531,538,527,466,467,464,467,52.9,56.4,57.6,59.5,228,224,80,86,90,20,92,73,67,0.2206,0.1751,28,16.43,29,16,44,3.15,0.4318,0.9091,true,2,0,0,0.27,21,122,460,301,0,53,0.6445,0.6445,0.1135,0.00719,0.32134,0.00959,0.02158,0.07914,0.45803,0.10312,300,0,0,0,78,55,3818.2,446,421,404,395,381,390,397,407,416,418,418,-0.0627802690582959,363,510,0.5419700000000001,54.65,0.2652,4.57,0.435,0.8822,8.19,2,-0.107,-0.483,-0.2147,0.6572,,
Harrison Park School,middle,Regular School,842,411004000885,2225 SE 87th Ave,Portland,97216,45.506762,-122.574963,false,,true,false,,13182500,targeted,SEGC 2023,Chinese DLI,true,Chinese,false,111,309,0.2649,1949,109059,Wood,1006,0.4175,372,420,0.129,659,637,596,545,573,321,573,48.8,40.5,50.9,33.2,380,383,77,74,66,22.5,195,101,90,0.4643,0.2405,41,12.83,24,13.38,82,,,,true,2,1,0,0.25,156,297,526,377,0,231,0.6579,0.6579,0.4031,0.00238,0.2119,0.03333,0.12619,0.14762,0.35714,0.12143,784,200,76,4,539,251,17168.8,372,403,419,423,439,436,410,384,372,367,368,-0.010752688172043,316,395,0.64286,44.65,0.5646,29.66,0.57,1.7008,7.2,1,2.956,2.041,-0.3627,0.3658,,
Bridlemile Elementary School,elementary,Regular School,835,411004000878,4300 SW 47th Dr,Portland,97221,45.4918,-122.7243,false,,false,false,25000,11450000,targeted,,,false,,false,,,,1958,58057,Wood,645,0.6558,418,423,0.012,518,508,437,435,458,446,458,77.9,73.7,76.4,71.2,213,213,84,88,86,20,21,63,36,0.0496,0.1489,25,17.4,25,17.84,61,1.5,0.7705,0.918,true,1,0,0,0.25,15,102,435,54,6,21,0.1179,0.131,0.0459,0.00473,0.03783,0,0.0331,0.09456,0.70922,0.12057,97,0,0,0,23,23,3836.3,419,407,388,369,359,353,366,371,377,382,379,-0.0954653937947494,329,463,0.29078000000000004,75.80000000000001,0.2345,3.45,0.23,0.4926,6.92,2,-1.561,-1.041,-0.1834,0.5876,,
da Vinci Middle School,middle,Regular School,1363,411004001079,2508 NE Everett,Portland,97232,45.5246,-122.6402,false,,false,false,,20742500,,,,false,,false,,,,1928,91876,LRCW,714,0.6008,427,429,0.0047,456,450,443,415,434,406,434,64.7,33.4,57.1,37.6,399,392,67,85,85,28,2,68,70,0.0047,0.1585,22,18.86,24,16.92,68,2.5,0.5294,0.8824,true,2,0,0,0.27,55,137,415,130,18,45,0.2995,0.341,0.1037,0.00699,0.00932,0,0.05128,0.17249,0.64103,0.11888,1521,569,176,12,900,71,24153.8,427,433,440,441,436,426,408,391,375,367,354,-0.1709601873536299,304,380,0.35897,49.05,0.3301,13.25,0.482,0.507,-13.74,3,-1.591,1.799,-0.0592,0.4958,,
Mt Tabor Middle School,middle,Regular School,877,411004000922,5800 SE Ash St,Portland,97215,45.521059,-122.604261,false,,false,false,4900000,11707500,targeted,,Japanese DLI,true,Japanese,false,222,208,0.5163,1952,83076,Wood,682,0.6305,466,430,-0.0773,741,724,721,645,606,504,606,68,63,71.2,60.7,462,459,77,100,84,27,28,89,73,0.0651,0.207,32,20.06,27,18.67,64,2.75,0.5938,0.9531,true,3,0.5,0,0.25,24,155,642,76,16,26,0.1254,0.1518,0.0429,0,0.05116,0,0.02093,0.10465,0.55814,0.26512,941,0,0,0,245,78,8080.5,467,424,408,398,394,376,374,361,358,347,349,-0.2526766595289079,300,375,0.44186000000000003,65.5,0.2414,3.74,0.545,0.658,10.11,2,-0.839,-1.234,-0.4197,0.5117,,
Gray Middle School,middle,Regular School,852,411004000896,5505 SW 23rd Ave,Portland,97239,45.4824,-122.7013,false,,false,false,,10187500,,,,false,,false,,,,1952,60624,Wood,622,0.6945,439,432,-0.0159,542,568,509,478,483,471,483,70.7,57.3,71.7,55.2,444,439,69,95,83,28,11,74,133,0.0255,0.1713,24,19.83,23,20.48,61,2.1,0.6721,0.9344,true,2,0,0,0.25,138,146,476,95,5,33,0.1967,0.207,0.0683,0.00694,0.03009,0.00231,0.03935,0.11111,0.69907,0.11111,546,0,0,0,214,112,11174.7,438,423,417,430,406,397,359,346,332,349,350,-0.2009132420091324,300,376,0.30093000000000003,64,0.3067,28.99,0.42,0.5348,-3.97,2,-1.41,-0.785,-0.203,0.5627,,
César Chávez K-8 School,k8,Regular School,841,411004000884,5103 N Willis Blvd,Portland,97203,45.5844,-122.7195,false,,true,false,,18499250,targeted,,Spanish DLI,true,Spanish,false,300,143,0.6772,1928,75814,LRCW,589,0.7521,453,443,-0.0221,550,549,543,490,466,481,466,20.9,13,21,11.2,305,302,65,64,75,20,192,68,198,0.4334,0.1535,35,13.91,35,13.74,79,2.1,0.6456,0.9114,false,2,0,0,0.25,427,270,487,301,0,167,0.6459,0.6459,0.3584,0.00226,0.02032,0.01129,0.11964,0.63883,0.15576,0.05192,295,58,30,1,65,41,1679.7,454,438,403,387,379,388,383,371,367,374,383,-0.1563876651982378,333,467,0.84424,16.95,0.5544,87.68,0.411,1.3922,-2.53,1,2.721,1.737,-0.1945,0.6503,,
Bridger Creative Science School,k8,Regular School,834,411004000877,7910 SE Market St,Portland,97215,45.5106,-122.5821,false,,false,false,,0,full,SEGC 2023,Creative Science focus,false,,true,,,,1955,50595,Masonry,561,0.795,474,446,-0.0591,504,515,515,335,329,514,329,55.5,42.9,52.9,37.4,277,276,78,70,52,23,79,69,78,0.1771,0.1547,22,15.05,29,17.72,,,,,,1,0.5,0,0.25,73,116,331,215,0,55,0.6535,0.6535,0.1672,0.00897,0.06502,0.00673,0.03363,0.09417,0.69507,0.09641,0,60,20,1,140,17,2294.2,474,468,454,440,423,435,442,441,443,448,451,-0.0485232067510548,392,550,0.30493000000000003,49.2,0.3505,22.05,0.453,0.8196,-18.41,2,-0.571,-0.352,-0.1151,0.8039,,
Lane Middle School,middle,Regular School,1243,411004000912,7200 SE 60th Ave,Portland,97206,45.4713,-122.6016,false,,true,false,,17940000,,SEGC 2023,Russian DLI,true,Russian,false,36,414,0.0805,1927,87438,LRCW,770,0.5844,417,450,0.0791,433,434,411,369,334,391,334,30.3,22.5,32.3,17.9,385,380,55,84,71,23,71,81,134,0.1578,0.18,36,10.22,29,13.48,85,4.1,0.4235,0.8706,true,3,0.5,0,0.23,78,213,368,223,0,77,0.6677,0.6677,0.2305,0.00889,0.10889,0.01111,0.13556,0.24444,0.39556,0.09556,732,30,30,1,509,329,13897.1,418,429,425,444,433,411,386,377,365,341,342,-0.1818181818181818,294,368,0.60444,26.4,0.5788,21.2,0.951,0.9172,-14.48,1,0.959,1.808,0.0393,0.4442,,
Ockley Green Middle School,middle,Regular School,878,411004000925,6031 N Montana,Portland,97217,45.567,-122.6807,false,,true,false,,9820000,targeted,DBRAC 2018,Spanish DLI,true,Spanish,false,63,397,0.137,1925,69153,LRCW,689,0.6676,409,460,0.1247,505,487,486,489,483,428,483,35.2,31.1,39.8,28.7,419,415,66,66,68,26,28,82,162,0.0609,0.1783,29,16.86,26,16.46,59,3.5,0.322,0.8983,true,2,0.5,0,0.25,231,213,489,314,0,104,0.6501,0.6501,0.2153,0.0087,0.01739,0.01304,0.17174,0.18043,0.46957,0.13913,2630,381,128,7,973,371,22655.6,410,446,435,439,417,444,432,428,395,379,379,-0.0756097560975609,325,407,0.53043,33.150000000000006,0.4356,47.24,0.511,0.7524,-14.34,3,-0.268,3.191,-0.0891,0.5501,,
Scott Elementary School,elementary,Regular School,887,411004000935,6700 NE Prescott St,Portland,97218,45.5552,-122.5943,false,,true,false,,11520000,,DBRAC 2018,Spanish DLI,true,Spanish,false,222,255,0.4664,1949,62681,Wood,643,0.7418,493,477,-0.0325,458,485,461,429,450,500,450,41.3,36.9,40.9,38.8,225,223,72,71,86,18,135,84,131,0.283,0.1761,32,13.31,34,14.71,51,3.8,0.3333,0.902,false,1,1,0,0.27,117,199,426,295,0,143,0.6556,0.6556,0.3178,0.02725,0.03145,0.03145,0.10273,0.32704,0.38155,0.09853,562,0,0,0,95,94,4310.3,494,471,485,478,450,443,440,443,446,447,446,-0.097165991902834,387,544,0.6184499999999999,39.099999999999994,0.4671,27.46,0.469,1.1826,-0.53,1,1.383,0.54,0.0415,0.6936,,
Beverly Cleary School ,other,Regular School,857,411004000901,1915 NE 33rd,Portland,97212,45.5369,-122.6315,false,,false,true,14400000,20320000,planned_full,,,false,,false,,,,1911,73091,URM,783,0.613,535,480,-0.1028,782,743,691,656,604,558,604,78.3,70.9,74.9,71.5,404,402,88,100,92,28,9,91,37,0.0187,0.1896,29,22.62,27,20.67,51,2.95,0.5,0.94,true,2,0,0,0.54,0,101,656,41,8,18,0.0679,0.0811,0.0298,0,0.04375,0,0.02292,0.07292,0.71042,0.15,862,222,100,1,47,10,4677.5,535,477,459,416,398,390,378,368,377,367,373,-0.302803738317757,324,455,0.28957999999999995,74.6,0.154,0,0.305,0.5318,5.62,0,-2.313,-0.837,-0.3862,0.4764,,
Sunnyside Environmental School,k8,Regular School,893,411004000941,3421 SE Salmon St,Portland,97214,45.5146,-122.6289,false,,false,false,,12490000,,,Environmental focus,false,,true,,,,1925,54361,LRCW,546,0.8883,461,485,0.0521,581,549,525,470,465,447,465,60.8,52.9,59.8,51.3,310,309,81,96,89,25,6,97,17,0.0124,0.2,25,18.8,24,18.62,47,2.3,0.5957,1,false,1.5,0.5,0,0.25,36,137,470,85,18,48,0.1828,0.2215,0.1032,0,0.01237,0.00206,0.01443,0.10309,0.74227,0.12577,203,186,88,3,128,21,6038.8,461,453,436,434,448,449,458,449,458,444,446,-0.0325379609544468,387,544,0.25773,56.849999999999994,0.2915,7.66,0.426,0.6218,-14.98,0,-2.05,0.797,-0.1652,0.8168,,
Hayhurst Elementary School,elementary,Regular School,855,411004000899,5037 SW Iowa St,Portland,97221,45.4804,-122.729,false,,false,true,520000,5147500,full,,,false,,false,,,,1954,56266,Wood,546,0.9304,525,508,-0.0324,628,640,624,574,575,562,575,67.3,61.6,69.2,63.2,319,315,77,88,81,24,23,90,54,0.0453,0.1772,41,13.93,32,17.56,40,0.95,0.725,0.95,true,2,0,0,0.5,67,170,571,226,0,56,0.393,0.393,0.0974,0.00591,0.02756,0.00394,0.04134,0.09843,0.66929,0.15354,273,0,0,0,52,42,3894.7,314,291,280,264,257,255,263,266,273,278,278,-0.1146496815286624,242,339,0.33070999999999995,64.45,0.2977,11.73,0.35,0.6083,-0.86,0,-1.716,-0.489,-0.1911,0.5092,,
Richmond Elementary School,elementary,Regular School,883,411004000930,2276 SE 41st Ave,Portland,97214,45.5064,-122.6199,false,,false,true,1720000,13477500,planned_targeted,,Japanese DLI,true,Japanese,false,512,0,1,1908,77070,Wood,723,0.7082,530,512,-0.034,632,627,601,551,539,537,539,73.5,69.4,74,68.9,239,236,85,83,87,26.5,-22,41,21,-0.043,0.0801,25,21.76,22,24.41,46,0.9,0.913,0.9565,true,1.5,0.5,0,0.25,6,69,544,23,6,15,0.0427,0.0538,0.0278,0,0.09961,0,0.00977,0.06836,0.41992,0.40234,334,507,116,7,615,217,17928,530,537,537,542,548,548,542,542,542,542,546,0.030188679245283,474,666,0.5800799999999999,71.45,0.1268,1.1,0.368,0.1636,28.4,0,-2.639,1.459,-0.1899,0.7552,,
Alameda Elementary School,elementary,Regular School,824,411004000867,2732 NE Fremont St,Portland,97212,45.5478,-122.6374,false,,false,false,1400000,9437500,full,,,false,,false,,,,1921,60840,Wood,792,0.6503,498,515,0.0341,730,704,624,525,538,521,538,84,81.1,78.8,78.2,244,243,88,97,86,24,3,75,32,0.0058,0.1456,27,19.52,24,21.71,54,2.05,0.7037,0.9815,false,2,0,0,0.25,6,80,527,370,0,14,0.6877,0.6877,0.026,0.00388,0.01748,0.00194,0.01359,0.08544,0.75146,0.12621,0,0,0,0,50,47,4072.3,496,492,480,456,451,455,454,455,460,472,468,-0.0564516129032258,407,571,0.24853999999999998,82.55,0.1518,1.14,0.38,0.3987,9.9,0,-2.561,-0.535,-0.2945,0.5909,,
Hosford Middle School,middle,Regular School,858,411004000902,2303 SE 28th Pl,Portland,97214,45.5062,-122.6371,false,,false,false,,18620000,targeted,,,false,,false,,,,1925,77050,LRCW,696,0.7586,537,528,-0.0168,588,651,675,630,566,517,566,66,51.2,54.3,44,520,522,75,92,80,28,29,118,109,0.0549,0.2235,34,18.41,25,20.68,67,2.6,0.6866,0.9552,true,3,0,0,0.25,143,195,626,134,21,65,0.2367,0.2739,0.1148,0.00379,0.05114,0.00758,0.02652,0.10606,0.69697,0.10795,3381,714,129,12,1634,338,45676.3,537,509,484,431,404,352,336,313,309,313,317,-0.409683426443203,272,341,0.30303,58.6,0.3115,22.84,0.479,0.7559,-9.18,3,-2.126,2.175,-0.102,0.4555,,
Kellogg Middle School,middle,Regular School,863,411004001922,3330 SE 69th,Portland,97206,45.498264,-122.591499,false,,true,false,,0,full,SEGC 2023,Spanish DLI,true,Spanish,false,201,332,0.3785,1913,94592,Concrete,803,0.6638,592,533,-0.0997,,,,691,658,677,658,46.8,35.1,41.3,29.2,586,582,65,89,72,25,,,,,,44,15.7,42,16.12,,,,,,3,1,0,0.25,257,280,691,435,0,122,0.6611,0.6611,0.1854,0,0.08068,0.01501,0.04315,0.34522,0.41839,0.09756,1072,64,29,1,295,174,10176.3,594,547,539,526,512,499,494,476,460,442,450,-0.2424242424242424,386,484,0.58161,40.95,0.4052,37.19,0.579,,-1.97,,,,,0.5604,,
Vernon Elementary School,k8,Regular School,895,411004000944,2044 NE Killingsworth St,Portland,97211,45.5624,-122.6439,false,,false,true,2450000,6265000,planned_targeted,,,false,,false,,,,1931,68091,LRCW,579,0.9309,564,539,-0.0443,546,608,570,517,555,579,555,56.1,53.5,52.4,45.1,379,388,71,97,88,24,28,68,113,0.0519,0.1262,31,16.68,30,19.3,58,0.6,0.931,0.9655,false,2,0,0,0.25,53,166,517,360,0,108,0.6486,0.6486,0.1946,0.00742,0.00742,0,0.141,0.12245,0.55102,0.17069,336,84,60,1,291,180,6122.8,563,554,530,505,496,492,479,471,469,471,470,-0.1651865008880994,408,574,0.44898000000000005,54.8,0.3211,10.25,0.387,0.588,0.04,0,-1.578,1.034,-0.0128,0.8117,,
Ainsworth Elementary School,elementary,Regular School,823,411004000866,2425 SW Vista Ave,Portland,97201,45.5098,-122.6996,false,,false,true,7865000,10120000,planned_targeted,,Spanish DLI,true,Spanish,false,287,278,0.5125,1912,55273,LRCW,636,0.8884,587,565,-0.0375,625,642,598,552,563,585,563,78.5,76.4,79.8,72.3,302,301,85,83,84,24.5,54,68,40,0.0956,0.1204,29,19,29,20.17,42,2.25,0.619,0.9286,true,1,0,0,0.25,0,98,551,48,4,19,0.0853,0.0924,0.0337,0.00354,0.04425,0,0.02655,0.26903,0.53097,0.12566,1216,191,0,2,220,14,13630.1,584,571,565,559,563,551,551,553,561,569,565,-0.0325342465753424,491,690,0.46902999999999995,77.45,0.1779,0,0.181,0.4781,24.48,0,-2.446,0.206,-0.096,0.8884,,
Sellwood Middle School,middle,Regular School,888,411004000936,8300 SE 15th Ave,Portland,97202,45.4626,-122.6506,false,,false,false,,20170000,targeted,,,false,,false,,,,1914,86823,LRCW,683,0.8287,575,566,-0.0157,613,587,550,554,563,567,563,71.3,65.7,67.6,61.6,551,548,75,93,92,29,1,84,29,0.0018,0.1484,25,22.12,26,21.81,66,2.3,0.6615,0.9692,true,3,0,0,0.25,107,171,553,60,8,28,0.1066,0.1208,0.0497,0,0.01943,0,0.00707,0.07951,0.79505,0.09894,747,10,3,1,631,291,12277.1,576,564,536,523,501,468,408,375,373,376,378,-0.34375,325,406,0.20494999999999997,68.5,0.3092,19.35,0.542,0.4234,-8.04,0,-2.997,0.351,-0.0767,0.5534,,
Roseway Heights School,middle,Regular School,885,411004000932,7334 NE Siskiyou St,Portland,97213,45.544,-122.5876,false,,true,false,,15680750,,DBRAC 2018,Spanish DLI; Vietnamese DLI,true,Spanish; Vietnamese,false,157,415,0.2745,1923,95438,LRCW,803,0.7123,561,572,0.0196,587,615,614,592,576,549,576,38.8,28.2,31.8,22.7,485,464,54,80,79,25,86,97,250,0.1503,0.1696,35,16.77,39,14.08,93,4.1,0.3763,0.7419,true,2,1,0,0.27,281,289,587,379,0,112,0.658,0.658,0.1944,0.00874,0.12937,0.01748,0.09965,0.20979,0.42657,0.10839,1629,0,0,0,213,188,12062.5,565,625,644,643,617,630,601,563,523,530,542,-0.0407079646017699,465,582,0.57343,33.5,0.4923,47.87,0.511,0.8438,-10.15,1,0.125,1.258,-0.0256,0.675,,
Faubion Elementary School,k8,Regular School,847,411004000890,2930 NE Dekum St,Portland,97211,45.570756,-122.634699,false,,true,false,,0,full,DBRAC 2018,,false,,false,,,,1950,57846,Wood,710,0.8451,585,600,0.0256,678,701,701,626,610,570,610,22.9,16.5,20.8,16.4,388,380,56,78,84,23,100,123,269,0.1667,0.205,37,16.84,43,13.26,153,2.8,0.5229,0.8366,true,3,0,0,0.25,186,314,623,443,0,225,0.7262,0.7262,0.3689,0.01167,0.01333,0.035,0.225,0.29333,0.27167,0.15,108,97,4,2,516,50,6380.5,589,586,615,599,591,594,590,589,581,581,577,-0.0203735144312393,501,704,0.7283299999999999,19.7,0.504,29.86,0.482,1.1314,-10.12,1,1.434,2.306,-0.115,0.8127,,
Laurelhurst Elementary School,k8,Regular School,868,411004000913,840 NE 41st Ave,Portland,97232,45.5291,-122.6198,false,,false,false,,13332500,targeted,,,false,,false,,,,1923,44251,LRCW,657,0.9346,660,614,-0.0697,692,698,687,651,674,658,674,79.3,68.7,77.9,71.3,480,477,81,99,87,26,3,68,43,0.0049,0.1107,34,19.12,32,20.56,52,2.8,0.5192,0.9423,false,2,0,0,0.27,0,95,650,53,4,29,0.0786,0.0846,0.043,0.00326,0.03094,0.00163,0.02117,0.06515,0.73779,0.14007,41,128,63,1,260,34,3861.1,656,632,597,605,586,566,562,550,556,558,555,-0.1539634146341463,482,677,0.26221000000000005,74,0.1462,0,0.308,0.3271,2.57,0,-3.425,0.372,-0.1127,0.8447,,
West Sylvan Middle School,middle,Regular School,898,411004000947,8111 SW West Slope Dr,Portland,97225,45.504712,-122.760447,false,,false,false,,12552500,,,Spanish DLI,true,Spanish,false,116,569,0.1698,1954,102209,Wood,987,0.694,670,685,0.0224,822,833,800,730,757,723,757,69.4,63.3,69.1,56.3,671,655,76,87,77,29,6,68,106,0.0088,0.0993,46,15.85,32,22.59,80,1.7,0.725,0.95,true,2.8,0,0,0.25,70,213,729,91,8,37,0.1202,0.1308,0.0489,0.00584,0.07737,0.00146,0.04672,0.12847,0.58394,0.1562,13946,1043,103,12,1936,81,63008.5,670,671,648,660,629,633,632,617,598,573,605,-0.0970149253731343,519,650,0.41606,66.35,0.2922,9.6,0.384,0.3104,8.66,3,-2.845,3.214,-0.1667,0.613,,
Jackson Middle School,middle,Regular School,1277,411004001365,10625 SW 35th,Portland,97219,45.448557,-122.714215,false,,false,false,,30170000,targeted,,,false,,false,,,,1966,247779,Concrete,908,0.7577,715,688,-0.0378,747,793,803,753,791,710,791,66.5,56.3,63.5,57.8,699,695,76,91,89,29,18,117,170,0.0262,0.1701,35,21.49,36,19.72,145,2.5,0.5862,0.8759,true,3.5,0,0,0.25,171,237,752,174,29,74,0.22,0.2566,0.0936,0.00291,0.01744,0.01017,0.05523,0.11337,0.65698,0.1439,642,472,277,5,560,268,23975.9,715,704,706,691,674,649,577,539,522,554,543,-0.2405594405594405,466,584,0.34302,61.4,0.3152,22.74,0.465,0.5582,-2.81,3,-2.475,2.379,-0.079,0.598,,
ACCESS Academy,alternative,alternative,,,6318 S Corbett Ave,Portland,97239,45.4783395,-122.6753753,false,,,,,,,,TAG / accelerated focus,false,,true,,,,,,,,,,,,,,,,,,,,,,,,,,,,,,,,,,,,,,,,,,,,,,,,,,,,,,,,,,,,,,,47,100,40,1,52,48,5342.6,323,311,301,289,282,277,275,274,274,273,272,-0.1578947368421052,236,332,,,,,,,,,,,,,,
