school_short,school_year,student_group,ct,pct
Elementary Schools Total,2019,all,25248,100
Elementary Schools Total,2019,combined_underserved,12576,49.8
Elementary Schools Total,2019,direct_cert,5877,23.3
Elementary Schools Total,2019,lep,2466,9.8
Elementary Schools Total,2019,swd,3715,14.7
Elementary Schools Total,2019,historically_underserved,8166,32.3
Elementary Schools Total,2019,hispanic,4138,16.4
Elementary Schools Total,2019,black,2178,8.6
Elementary Schools Total,2019,multi,1507,6
District Total,2019,all,49550,100
District Total,2019,combined_underserved,24259,49
District Total,2019,direct_cert,10994,22.2
District Total,2019,lep,3570,7.2
District Total,2019,swd,7269,14.7
District Total,2019,historically_underserved,16261,32.8
District Total,2019,hispanic,8096,16.3
District Total,2019,black,4421,8.9
District Total,2019,multi,3066,6.2
Elementary Schools Total,2020,all,24988,100
Elementary Schools Total,2020,combined_underserved,12449,49.8
Elementary Schools Total,2020,direct_cert,5487,22
Elementary Schools Total,2020,lep,2656,10.6
Elementary Schools Total,2020,swd,3803,15.2
Elementary Schools Total,2020,historically_underserved,8064,32.3
Elementary Schools Total,2020,hispanic,4133,16.5
Elementary Schools Total,2020,black,2113,8.5
Elementary Schools Total,2020,multi,1492,6
District Total,2020,all,49478,100
District Total,2020,combined_underserved,24078,48.7
District Total,2020,direct_cert,10185,20.6
District Total,2020,lep,3855,7.8
District Total,2020,swd,7370,14.9
District Total,2020,historically_underserved,16206,32.8
District Total,2020,hispanic,8156,16.5
District Total,2020,black,4313,8.7
District Total,2020,multi,3074,6.2
Elementary Schools Total,2021,all,23265,100
Elementary Schools Total,2021,combined_underserved,11953,51.4
Elementary Schools Total,2021,direct_cert,5611,24.1
Elementary Schools Total,2021,lep,2615,11.2
Elementary Schools Total,2021,swd,3639,15.6
Elementary Schools Total,2021,historically_underserved,7596,32.6
Elementary Schools Total,2021,hispanic,3930,16.9
Elementary Schools Total,2021,black,1912,8.2
Elementary Schools Total,2021,multi,1447,6.2
District Total,2021,all,47314,100
District Total,2021,combined_underserved,23593,49.9
District Total,2021,direct_cert,10639,22.5
District Total,2021,lep,3922,8.3
District Total,2021,swd,7268,15.4
District Total,2021,historically_underserved,15617,33
District Total,2021,hispanic,7872,16.6
District Total,2021,black,4091,8.6
District Total,2021,multi,3029,6.4
Elementary Schools Total,2022,all,20705,100
Elementary Schools Total,2022,combined_underserved,10353,50
Elementary Schools Total,2022,direct_cert,4764,23
Elementary Schools Total,2022,lep,2398,11.6
Elementary Schools Total,2022,swd,3060,14.8
Elementary Schools Total,2022,historically_underserved,6696,32.3
Elementary Schools Total,2022,hispanic,3418,16.5
Elementary Schools Total,2022,black,1702,8.2
Elementary Schools Total,2022,multi,1333,6.4
District Total,2022,all,45497,100
District Total,2022,combined_underserved,22402,49.2
District Total,2022,direct_cert,9894,21.7
District Total,2022,lep,3894,8.6
District Total,2022,swd,6895,15.2
District Total,2022,historically_underserved,14978,32.9
District Total,2022,hispanic,7613,16.7
District Total,2022,black,3872,8.5
District Total,2022,multi,2955,6.5
Elementary Schools Total,2023,all,20881,100
Elementary Schools Total,2023,combined_underserved,10705,51.3
Elementary Schools Total,2023,direct_cert,5049,24.2
Elementary Schools Total,2023,lep,2433,11.7
Elementary Schools Total,2023,swd,3320,15.9
Elementary Schools Total,2023,historically_underserved,6919,33.1
Elementary Schools Total,2023,hispanic,3545,17
Elementary Schools Total,2023,black,1639,7.8
Elementary Schools Total,2023,multi,1445,6.9
District Total,2023,all,45456,100
District Total,2023,combined_underserved,22775,50.1
District Total,2023,direct_cert,10267,22.6
District Total,2023,lep,4082,9
District Total,2023,swd,7098,15.6
District Total,2023,historically_underserved,15281,33.6
District Total,2023,hispanic,7863,17.3
District Total,2023,black,3771,8.3
District Total,2023,multi,3068,6.7
Elementary Schools Total,2024,all,20421,100
Elementary Schools Total,2024,combined_underserved,11222,55
Elementary Schools Total,2024,direct_cert,6574,32.2
Elementary Schools Total,2024,lep,2460,12
Elementary Schools Total,2024,swd,3561,17.4
Elementary Schools Total,2024,historically_underserved,6941,34
Elementary Schools Total,2024,hispanic,3634,17.8
Elementary Schools Total,2024,black,1605,7.9
Elementary Schools Total,2024,multi,1431,7
District Total,2024,all,44771,100
District Total,2024,combined_underserved,24092,53.8
District Total,2024,direct_cert,14032,31.3
District Total,2024,lep,4232,9.5
District Total,2024,swd,7412,16.6
District Total,2024,historically_underserved,15308,34.2
District Total,2024,hispanic,7988,17.8
District Total,2024,black,3703,8.3
District Total,2024,multi,3051,6.8
Elementary Schools Total,2026,all,19071,100
Elementary Schools Total,2026,combined_underserved,10781,56.5
Elementary Schools Total,2026,direct_cert,6185,32.4
Elementary Schools Total,2026,lep,2350,12.3
Elementary Schools Total,2026,swd,3606,18.9
Elementary Schools Total,2026,historically_underserved,6792,35.6
Elementary Schools Total,2026,hispanic,3608,18.9
Elementary Schools Total,2026,black,1509,7.9
Elementary Schools Total,2026,multi,1383,7.3
District Total,2026,all,43479,100
District Total,2026,combined_underserved,23679,54.5
District Total,2026,direct_cert,13677,31.5
District Total,2026,lep,4276,9.8
District Total,2026,swd,7418,17.1
District Total,2026,historically_underserved,15248,35.1
District Total,2026,hispanic,8012,18.4
District Total,2026,black,3629,8.3
District Total,2026,multi,3009,6.9
Elementary Schools Total,2025,all,19582,100
Elementary Schools Total,2025,combined_underserved,10898,55.7
Elementary Schools Total,2025,direct_cert,6376,32.6
Elementary Schools Total,2025,lep,2453,12.5
Elementary Schools Total,2025,swd,3530,18
Elementary Schools Total,2025,historically_underserved,6865,35.1
Elementary Schools Total,2025,hispanic,3686,18.8
Elementary Schools Total,2025,black,1549,7.9
Elementary Schools Total,2025,multi,1377,7
District Total,2025,all,44086,100
District Total,2025,combined_underserved,23898,54.2
District Total,2025,direct_cert,13895,31.5
District Total,2025,lep,4394,10
District Total,2025,swd,7448,16.9
District Total,2025,historically_underserved,15398,34.9
District Total,2025,hispanic,8206,18.6
District Total,2025,black,3678,8.3
District Total,2025,multi,2971,6.7
