new_school,old_school,acres,from_closed
Abernethy,Buckman,628.9899307551897,TRUE
Abernethy,Ainsworth,26.844615734138,FALSE
Arleta,Marysville,468.0506259965607,TRUE
Arleta,Bridger,136.52162073108516,FALSE
Atkinson,Creston,577.2143128240897,TRUE
Atkinson,Bridger,133.239812939237,FALSE
Atkinson,Arleta,32.34001036577946,FALSE
Beverly Cleary,Irvington,624.1578747212052,TRUE
Capitol Hill,Stephenson,1146.8133991901714,TRUE
Chapman,Skyline,44.50864325531778,FALSE
Chapman,Beach,26.57844590790864,TRUE
Chief Joseph,Beach,2068.9952534200897,TRUE
Chief Joseph,Chapman,26.902762912865814,FALSE
Clark,Harrison Park,1050.1182216791876,TRUE
Duniway,Lewis,436.55324721868715,TRUE
Faubion,Outside current boundaries,246.02137427802353,FALSE
Hayhurst,Maplewood,817.4933065224516,TRUE
Kelly,Lent,443.8954800191538,TRUE
Llewellyn,Duniway,339.7536809870947,FALSE
Llewellyn,Capitol Hill,11.551889151384023,FALSE
MLK Jr,Sabin,492.1383779117993,TRUE
Markham,Stephenson,867.647220220312,TRUE
Markham,Capitol Hill,9.203834778197887,FALSE
Rieke,Maplewood,270.869809871808,TRUE
Rieke,Hayhurst,87.9050816441161,FALSE
Rosa Parks,Peninsula,797.6618502417024,TRUE
Rosa Parks,Cesar Chavez,367.3199521006566,TRUE
Scott,Rigler,2273.0702690841676,TRUE
Scott,Rose City Park,632.0049042185667,TRUE
Sitton,James John,1147.5869482243056,TRUE
Skyline,Beach,14.18830729580362,TRUE
Sunnyside,Buckman,828.6476162807483,TRUE
Sunrise,Lee,956.0858569211161,TRUE
Unassigned K-8 area,Faubion,4183.260644991313,FALSE
Vestal,Glencoe,118.08564838996234,FALSE
Whitman,Woodmere,462.3150965710621,TRUE
Whitman,Lewis,159.1960316722975,TRUE
Whitman,Woodstock,108.90621851612775,FALSE
Whitman,Marysville,21.27407135858078,TRUE
Whitman,Arleta,14.884260539497035,FALSE
Woodstock,Arleta,45.66461527371185,FALSE
